Id,median_house_value
0,238313.33333333334
1,253323.33333333334
2,70946.66666666667
3,190273.33333333334
4,53540.0
5,203296.66666666666
6,108436.66666666667
7,112746.66666666667
8,144380.0
9,81906.66666666667
10,278686.7
11,224003.33333333334
12,194070.0
13,207310.0
14,215730.03333333333
15,100433.33333333333
16,99576.66666666667
17,166463.33333333334
18,231346.66666666666
19,467033.9
20,256173.33333333334
21,199030.0
22,50156.666666666664
23,448363.7
24,220410.0
25,99016.66666666667
26,289063.3333333333
27,162440.0
28,76033.33333333333
29,116173.33333333333
30,65763.33333333333
31,295550.0
32,187040.0
33,174693.33333333334
34,113460.0
35,109853.33333333333
36,89426.66666666667
37,130293.33333333333
38,320026.73333333334
39,164786.66666666666
40,155183.33333333334
41,133810.0
42,241666.66666666666
43,221893.33333333334
44,249456.7
45,169473.33333333334
46,270013.3333333333
47,254303.33333333334
48,85920.0
49,116020.0
50,231050.0
51,500001.0
52,217830.0
53,319690.0
54,88986.66666666667
55,371340.13333333336
56,226293.46666666667
57,177933.33333333334
58,385686.7
59,162743.33333333334
60,210653.33333333334
61,190706.66666666666
62,324393.3333333333
63,288126.6666666667
64,178286.7
65,437273.56666666665
66,144196.66666666666
67,90173.33333333333
68,99383.33333333333
69,143050.0
70,110413.33333333333
71,231396.66666666666
72,97350.0
73,232770.0
74,165470.0
75,244770.0
76,134900.0
77,121570.0
78,181923.33333333334
79,212170.0
80,88480.0
81,99136.66666666667
82,247170.0
83,104656.66666666667
84,237880.0
85,123856.66666666667
86,136546.66666666666
87,254526.66666666666
88,133070.0
89,118143.33333333333
90,138836.66666666666
91,163823.33333333334
92,274266.6666666667
93,150080.0
94,299780.06666666665
95,330243.4
96,261326.66666666666
97,484204.0
98,180440.0
99,317480.1
100,271880.0
101,54843.333333333336
102,299623.4
103,316643.3333333333
104,107333.33333333333
105,204370.0
106,174046.66666666666
107,116760.0
108,244153.33333333334
109,58703.333333333336
110,135226.66666666666
111,177470.0
112,147920.0
113,117300.0
114,79996.66666666667
115,249723.33333333334
116,188900.0
117,258243.33333333334
118,88596.66666666667
119,374956.86666666664
120,318213.3333333333
121,139650.0
122,296736.7
123,165050.0
124,153250.0
125,415253.6
126,76113.33333333333
127,126413.33333333333
128,68916.66666666667
129,150403.33333333334
130,123063.33333333333
131,315633.3333333333
132,222343.33333333334
133,350060.13333333336
134,181206.66666666666
135,190963.33333333334
136,72553.33333333333
137,136486.66666666666
138,159396.66666666666
139,152996.66666666666
140,403540.3333333333
141,122030.0
142,233650.03333333333
143,287783.3333333333
144,159770.0
145,199856.66666666666
146,176556.66666666666
147,294513.36666666664
148,276563.3333333333
149,421360.3333333333
150,253766.66666666666
151,203783.33333333334
152,137273.33333333334
153,158836.66666666666
154,198010.0
155,53553.333333333336
156,182360.0
157,310646.7
158,56673.3
159,76506.66666666667
160,143876.66666666666
161,139176.66666666666
162,312236.7
163,55593.333333333336
164,200956.66666666666
165,169126.66666666666
166,408133.76666666666
167,174763.33333333334
168,102940.0
169,62930.0
170,393063.5333333333
171,246400.0
172,346463.4
173,250623.36666666667
174,197373.33333333334
175,362946.7
176,96913.33333333333
177,295606.73333333334
178,190563.33333333334
179,260313.33333333334
180,272010.06666666665
181,376563.36666666664
182,59066.666666666664
183,228373.33333333334
184,275140.13333333336
185,236850.0
186,226440.03333333333
187,227060.0
188,205866.66666666666
189,136346.66666666666
190,121000.0
191,121993.33333333333
192,201686.66666666666
193,168230.0
194,166740.0
195,105766.66666666667
196,190170.0
197,207336.66666666666
198,282860.0
199,216676.66666666666
200,153020.0
201,198276.66666666666
202,345870.06666666665
203,173053.33333333334
204,440980.36666666664
205,217583.33333333334
206,325600.0333333333
207,93480.0
208,107050.0
209,276410.0
210,285846.7
211,447963.76666666666
212,103736.66666666667
213,91586.66666666667
214,171936.66666666666
215,99870.0
216,336803.5333333333
217,271743.4666666667
218,220670.0
219,213076.66666666666
220,235763.33333333334
221,388356.86666666664
222,180350.0
223,269966.6666666667
224,396700.2
225,222873.33333333334
226,163506.66666666666
227,96986.66666666667
228,230960.06666666668
229,380813.3333333333
230,296633.4
231,132573.33333333334
232,495430.9
233,160403.33333333334
234,118456.66666666667
235,320853.4
236,214970.0
237,103860.0
238,203280.0
239,131400.0
240,225473.33333333334
241,456177.23333333334
242,370696.8
243,155686.66666666666
244,92230.0
245,178780.0
246,233890.0
247,285333.43333333335
248,89426.66666666667
249,135493.33333333334
250,156016.66666666666
251,226733.33333333334
252,88380.0
253,256253.33333333334
254,423427.0333333333
255,465960.63333333336
256,216196.66666666666
257,77653.33333333333
258,144370.0
259,262673.36666666664
260,122836.66666666667
261,303443.3333333333
262,141416.66666666666
263,93526.66666666667
264,359736.9
265,266386.6666666667
266,209646.7
267,290333.56666666665
268,154766.66666666666
269,255803.36666666667
270,243316.7
271,180183.33333333334
272,69313.33333333333
273,309613.4
274,90340.0
275,305670.0
276,132213.33333333334
277,115713.33333333333
278,114180.0
279,239453.33333333334
280,467950.6
281,420366.93333333335
282,200720.0
283,204070.0
284,385356.8
285,224220.0
286,259073.33333333334
287,178893.33333333334
288,139250.0
289,167633.33333333334
290,187226.66666666666
291,177950.0
292,182810.0
293,140680.03333333333
294,111850.0
295,158286.66666666666
296,85856.66666666667
297,97360.0
298,75970.0
299,214013.33333333334
300,96626.66666666667
301,251343.33333333334
302,187030.0
303,222960.06666666668
304,210030.0
305,249946.73333333334
306,353016.6666666667
307,467683.86666666664
308,500001.0
309,239786.66666666666
310,245346.66666666666
311,482087.4666666667
312,397116.8333333333
313,147183.33333333334
314,179800.0
315,286423.4
316,261830.0
317,249250.0
318,283866.6666666667
319,254633.4
320,219696.66666666666
321,104273.33333333333
322,255060.03333333333
323,160563.33333333334
324,278870.0333333333
325,290870.2
326,202333.33333333334
327,210566.66666666666
328,255326.66666666666
329,283940.1
330,158186.66666666666
331,190580.0
332,90346.66666666667
333,235150.0
334,245350.06666666668
335,90113.33333333333
336,188866.66666666666
337,445763.6666666667
338,187143.33333333334
339,98786.66666666667
340,311273.36666666664
341,259773.36666666667
342,144053.33333333334
343,118493.33333333333
344,238383.43333333332
345,163706.66666666666
346,293063.3333333333
347,150526.66666666666
348,55883.333333333336
349,159000.0
350,225116.66666666666
351,195203.33333333334
352,343780.0333333333
353,290286.73333333334
354,128770.0
355,399963.43333333335
356,340806.73333333334
357,419563.56666666665
358,138090.0
359,190403.33333333334
360,79983.33333333333
361,142790.0
362,94913.33333333333
363,84686.66666666667
364,116953.33333333333
365,322930.06666666665
366,299120.1
367,150963.33333333334
368,164906.66666666666
369,115433.33333333333
370,245473.33333333334
371,76623.33333333333
372,202770.0
373,95220.0
374,300786.6666666667
375,145293.33333333334
376,177056.66666666666
377,190530.03333333333
378,78396.66666666667
379,221876.66666666666
380,439233.73333333334
381,219353.33333333334
382,196470.0
383,92133.33333333333
384,102583.33333333333
385,194880.0
386,131176.66666666666
387,159700.03333333333
388,249116.66666666666
389,218336.66666666666
390,168540.0
391,60023.333333333336
392,277576.6666666667
393,437760.4666666667
394,100413.33333333333
395,106600.0
396,226196.73333333334
397,91166.66666666667
398,148016.66666666666
399,263823.3333333333
400,428330.26666666666
401,142093.33333333334
402,259250.0
403,108056.66666666667
404,216546.66666666666
405,372740.2
406,236200.0
407,231216.66666666666
408,312773.36666666664
409,252730.0
410,139026.66666666666
411,268436.8333333333
412,79460.0
413,236120.0
414,96340.0
415,380116.73333333334
416,396726.9666666667
417,71073.33333333333
418,340853.3333333333
419,260650.0
420,290543.3333333333
421,298333.3333333333
422,182913.33333333334
423,173133.33333333334
424,286186.8
425,152240.0
426,321896.8
427,235230.0
428,240440.0
429,173573.33333333334
430,143190.0
431,99076.66666666667
432,160850.0
433,263950.0
434,249136.66666666666
435,56876.666666666664
436,106336.66666666667
437,302883.3333333333
438,241043.33333333334
439,141913.33333333334
440,309906.6666666667
441,211023.33333333334
442,219003.36666666667
443,401086.9
444,276160.0
445,125423.33333333333
446,173246.66666666666
447,305060.1
448,102380.0
449,181963.33333333334
450,164036.66666666666
451,142550.0
452,81736.66666666667
453,241700.06666666668
454,209770.0
455,262730.0333333333
456,238976.66666666666
457,168593.33333333334
458,305830.0
459,124363.33333333333
460,160086.66666666666
461,63910.0
462,142866.66666666666
463,255393.33333333334
464,457833.86666666664
465,156263.33333333334
466,147290.0
467,231296.66666666666
468,456543.8333333333
469,252970.0
470,157470.0
471,132453.33333333334
472,257793.33333333334
473,277323.3333333333
474,229010.0
475,171066.66666666666
476,109903.33333333333
477,394740.3
478,384726.76666666666
479,194370.0
480,127853.33333333333
481,194766.66666666666
482,287576.7
483,176700.0
484,218273.4
485,278016.6666666667
486,270393.4
487,259766.7
488,465477.2
489,116956.66666666667
490,169260.0
491,218546.66666666666
492,137910.0
493,173883.4
494,88733.33333333333
495,218226.66666666666
496,109823.33333333333
497,116036.66666666667
498,367816.76666666666
499,318070.0333333333
500,87396.66666666667
501,361633.43333333335
502,123463.33333333333
503,308393.36666666664
504,314160.0
505,80226.66666666667
506,182870.0
507,163936.66666666666
508,248376.66666666666
509,458113.7
510,216586.66666666666
511,138060.0
512,402906.8
513,103503.33333333333
514,161193.33333333334
515,171226.66666666666
516,138606.66666666666
517,368840.06666666665
518,337836.6666666667
519,158133.33333333334
520,262700.13333333336
521,105720.03333333334
522,234826.66666666666
523,179673.33333333334
524,357206.8
525,196903.33333333334
526,180480.0
527,410296.86666666664
528,182480.0
529,179933.33333333334
530,206360.0
531,243140.0
532,165123.36666666667
533,128810.0
534,169816.66666666666
535,141370.0
536,104943.33333333333
537,454027.13333333336
538,168180.0
539,128723.33333333333
540,115020.0
541,352730.0
542,80353.33333333333
543,239803.33333333334
544,281493.3333333333
545,162490.0
546,116173.33333333333
547,151680.0
548,98116.66666666667
549,173870.0
550,177793.33333333334
551,116733.33333333333
552,220863.33333333334
553,206046.66666666666
554,88173.33333333333
555,252086.66666666666
556,119720.0
557,285933.36666666664
558,149600.0
559,145163.33333333334
560,136556.66666666666
561,189980.0
562,270120.06666666665
563,211243.33333333334
564,350086.73333333334
565,266726.7
566,183246.66666666666
567,246996.66666666666
568,203913.33333333334
569,166860.0
570,118546.66666666667
571,121190.0
572,341940.0333333333
573,112170.0
574,350930.0333333333
575,163656.66666666666
576,166033.33333333334
577,275733.36666666664
578,152816.66666666666
579,146603.33333333334
580,497447.63333333336
581,189686.66666666666
582,174890.0
583,137450.0
584,137503.33333333334
585,218050.0
586,143130.0
587,246093.33333333334
588,104213.33333333333
589,334233.3333333333
590,150886.66666666666
591,196523.33333333334
592,121933.33333333333
593,163503.33333333334
594,94453.33333333333
595,75406.66666666667
596,188256.66666666666
597,304973.3333333333
598,257173.36666666667
599,164406.66666666666
600,77873.33333333333
601,180593.33333333334
602,60350.0
603,211706.66666666666
604,143530.0
605,83986.66666666667
606,495354.26666666666
607,105703.33333333333
608,391740.26666666666
609,157650.0
610,307753.3333333333
611,127410.0
612,150176.66666666666
613,287446.7
614,281540.0
615,325916.8
616,193306.66666666666
617,411046.86666666664
618,175629.96666666667
619,274530.0333333333
620,225173.33333333334
621,125243.33333333333
622,120513.33333333333
623,406466.8
624,186753.33333333334
625,150056.66666666666
626,162950.0
627,142300.0
628,69306.66666666667
629,193043.33333333334
630,209100.03333333333
631,81136.66666666667
632,172353.33333333334
633,166306.66666666666
634,207450.0
635,280300.0333333333
636,59583.333333333336
637,320480.0
638,495437.6
639,126313.33333333333
640,265856.6666666667
641,307600.06666666665
642,161803.33333333334
643,174340.0
644,157776.66666666666
645,165953.33333333334
646,114143.33333333333
647,134386.66666666666
648,251986.66666666666
649,269266.6666666667
650,208120.0
651,167183.33333333334
652,162443.33333333334
653,211110.0
654,141930.0
655,132650.0
656,210913.33333333334
657,145640.0
658,190433.33333333334
659,194776.66666666666
660,192616.66666666666
661,114770.03333333334
662,139650.0
663,208830.0
664,216860.0
665,107540.0
666,205093.33333333334
667,172426.66666666666
668,67416.66666666667
669,236993.33333333334
670,226743.33333333334
671,221760.0
672,136030.0
673,55196.666666666664
674,171750.0
675,139526.66666666666
676,170543.33333333334
677,248693.5
678,67700.0
679,194050.0
680,110563.33333333333
681,250766.66666666666
682,111176.63333333333
683,107326.66666666667
684,326836.8
685,187456.66666666666
686,241173.36666666667
687,218490.0
688,170396.66666666666
689,146016.66666666666
690,215106.73333333334
691,79330.0
692,386006.8333333333
693,359180.1
694,115283.33333333333
695,61636.666666666664
696,174646.66666666666
697,123540.0
698,280063.3333333333
699,202556.66666666666
700,69986.66666666667
701,303893.3333333333
702,113633.33333333333
703,221720.0
704,259636.66666666666
705,273140.0
706,164596.66666666666
707,256896.63333333333
708,197726.66666666666
709,486294.1666666667
710,177506.66666666666
711,341683.3333333333
712,326963.4
713,278156.7
714,275076.7
715,271870.0
716,310920.0
717,189423.33333333334
718,353860.0
719,241673.33333333334
720,262380.0333333333
721,87423.33333333333
722,179176.66666666666
723,200890.0
724,341373.43333333335
725,186043.33333333334
726,190763.33333333334
727,133806.66666666666
728,106520.0
729,310813.43333333335
730,423877.0
731,297413.3333333333
732,162600.0
733,127940.0
734,165473.33333333334
735,176543.33333333334
736,304406.7
737,224746.66666666666
738,131210.0
739,259803.33333333334
740,132263.33333333334
741,365570.0333333333
742,173510.0
743,253373.36666666667
744,160530.0
745,340623.36666666664
746,72680.0
747,100803.33333333333
748,219780.0
749,372500.3
750,113869.96666666666
751,292323.3333333333
752,113363.33333333333
753,116443.33333333333
754,281140.0
755,125976.66666666667
756,452253.8333333333
757,99806.66666666667
758,301600.0333333333
759,254876.66666666666
760,400480.3333333333
761,420843.76666666666
762,70440.0
763,161393.33333333334
764,207593.33333333334
765,83576.66666666667
766,161506.66666666666
767,141756.66666666666
768,250360.0
769,419400.43333333335
770,53086.666666666664
771,161473.33333333334
772,191963.33333333334
773,47876.666666666664
774,378206.8333333333
775,204270.0
776,233223.33333333334
777,185116.66666666666
778,123233.33333333333
779,165366.66666666666
780,281826.6666666667
781,228656.66666666666
782,262126.66666666666
783,201060.0
784,118490.0
785,342556.6666666667
786,497010.9666666667
787,146880.0
788,100890.0
789,241010.0
790,122926.66666666667
791,304840.0333333333
792,157410.0
793,260713.36666666667
794,243103.33333333334
795,113366.66666666667
796,235236.66666666666
797,115496.66666666667
798,232133.33333333334
799,190620.0
800,479574.0333333333
801,221446.66666666666
802,138776.66666666666
803,132616.66666666666
804,130433.33333333333
805,66583.33333333333
806,279443.3333333333
807,392020.23333333334
808,162960.0
809,172670.0
810,479740.56666666665
811,289100.0333333333
812,118346.66666666667
813,229620.0
814,75146.66666666667
815,52949.96666666667
816,104313.33333333333
817,93636.66666666667
818,356986.7
819,98566.66666666667
820,119403.33333333333
821,153750.0
822,178200.0
823,279436.6666666667
824,166703.33333333334
825,257813.33333333334
826,438683.6
827,132920.0
828,128036.66666666667
829,181456.66666666666
830,341760.23333333334
831,217293.33333333334
832,400576.8
833,224480.0
834,82673.33333333333
835,146460.0
836,111653.33333333333
837,165193.33333333334
838,275633.3333333333
839,258116.66666666666
840,223403.33333333334
841,232316.7
842,269933.3333333333
843,208246.66666666666
844,100560.0
845,174006.66666666666
846,63416.666666666664
847,171503.33333333334
848,160310.0
849,129506.66666666667
850,84703.33333333333
851,136356.66666666666
852,166663.33333333334
853,282760.1
854,199983.33333333334
855,323873.4666666667
856,164740.0
857,255596.66666666666
858,152326.66666666666
859,286236.6666666667
860,138263.33333333334
861,182283.33333333334
862,62376.666666666664
863,216113.33333333334
864,170840.0
865,238800.0
866,158670.0
867,165403.33333333334
868,204796.66666666666
869,198703.33333333334
870,209553.33333333334
871,137793.33333333334
872,363490.0333333333
873,68950.0
874,148846.66666666666
875,171506.66666666666
876,188960.0
877,108540.0
878,185583.33333333334
879,399310.1
880,303316.73333333334
881,146756.66666666666
882,208866.66666666666
883,188263.33333333334
884,153243.33333333334
885,79680.0
886,308990.0
887,224090.0
888,236853.33333333334
889,88523.33333333333
890,84040.0
891,164416.66666666666
892,296490.1
893,290616.7
894,193423.33333333334
895,145923.33333333334
896,147550.0
897,102186.66666666667
898,83113.33333333333
899,429260.3333333333
900,234243.36666666667
901,378457.0
902,80400.0
903,254603.36666666667
904,102606.66666666667
905,186426.66666666666
906,78530.0
907,141880.0
908,148170.0
909,216660.0
910,256276.7
911,201676.66666666666
912,206186.66666666666
913,226633.33333333334
914,137676.66666666666
915,194013.33333333334
916,185913.33333333334
917,199103.33333333334
918,256460.0
919,151980.0
920,146443.33333333334
921,87740.0
922,473934.06666666665
923,270753.3333333333
924,172973.36666666667
925,155720.0
926,229796.66666666666
927,109116.66666666667
928,72566.66666666667
929,61006.666666666664
930,230170.0
931,381723.5
932,170440.0
933,410133.43333333335
934,421757.0333333333
935,160040.0
936,181770.0
937,79443.33333333333
938,311996.73333333334
939,293020.0
940,370833.4
941,76646.66666666667
942,436000.23333333334
943,175666.66666666666
944,95040.0
945,500001.0
946,178653.33333333334
947,124736.66666666667
948,305996.6666666667
949,202096.66666666666
950,72823.33333333333
951,122356.7
952,126250.0
953,86930.0
954,118946.66666666667
955,278300.0333333333
956,301566.7
957,167893.33333333334
958,203706.66666666666
959,84073.33333333333
960,83753.33333333333
961,159370.0
962,329706.7
963,75536.66666666667
964,127846.66666666667
965,226673.33333333334
966,87370.0
967,335480.0
968,306746.76666666666
969,200820.0
970,244060.0
971,291170.0333333333
972,167366.66666666666
973,173006.66666666666
974,281886.6666666667
975,374770.23333333334
976,219600.0
977,256423.33333333334
978,340580.1
979,150276.66666666666
980,197413.33333333334
981,327580.06666666665
982,219976.66666666666
983,341996.8
984,107066.66666666667
985,155810.0
986,186296.66666666666
987,172660.0
988,299036.6666666667
989,111496.66666666667
990,216303.36666666667
991,157423.33333333334
992,148920.0
993,152193.33333333334
994,229610.0
995,133120.0
996,184553.33333333334
997,129986.66666666667
998,405756.9666666667
999,98976.66666666667
1000,164913.33333333334
1001,132303.33333333334
1002,113920.0
1003,238426.66666666666
1004,152283.33333333334
1005,314716.7
1006,131046.66666666667
1007,140713.33333333334
1008,216313.33333333334
1009,223376.7
1010,204446.7
1011,421290.3
1012,127290.0
1013,404520.3333333333
1014,138163.33333333334
1015,124410.0
1016,269443.3333333333
1017,116406.66666666667
1018,216793.33333333334
1019,308506.6666666667
1020,139460.0
1021,487914.23333333334
1022,492667.6
1023,254823.33333333334
1024,183486.66666666666
1025,127206.66666666667
1026,172000.0
1027,164746.66666666666
1028,160203.33333333334
1029,73360.0
1030,187360.0
1031,415993.56666666665
1032,95916.66666666667
1033,69133.33333333333
1034,276653.3333333333
1035,50246.666666666664
1036,206806.66666666666
1037,214756.66666666666
1038,442336.9666666667
1039,368136.73333333334
1040,136896.66666666666
1041,159370.0
1042,109963.33333333333
1043,301070.0333333333
1044,141403.33333333334
1045,215200.06666666668
1046,160863.36666666667
1047,98880.0
1048,139840.0
1049,154873.33333333334
1050,143410.0
1051,465610.7
1052,196630.0
1053,242403.33333333334
1054,142723.33333333334
1055,168650.0
1056,265000.0333333333
1057,117463.33333333333
1058,225766.7
1059,86106.66666666667
1060,91843.33333333333
1061,287826.6666666667
1062,110470.0
1063,295050.0
1064,214140.0
1065,78466.66666666667
1066,209036.7
1067,236493.33333333334
1068,89606.66666666667
1069,172270.0
1070,174310.0
1071,130066.66666666667
1072,233390.0
1073,93730.0
1074,322130.0333333333
1075,127276.66666666667
1076,143430.0
1077,181930.0
1078,117980.0
1079,150913.33333333334
1080,429440.43333333335
1081,142880.0
1082,106386.66666666667
1083,342323.56666666665
1084,152043.33333333334
1085,148510.0
1086,207080.0
1087,350396.8
1088,324626.73333333334
1089,394286.8
1090,207846.7
1091,140403.33333333334
1092,186336.66666666666
1093,500001.0
1094,240010.0
1095,342750.0
1096,89280.0
1097,244866.66666666666
1098,363570.0333333333
1099,253760.06666666668
1100,79410.0
1101,217233.33333333334
1102,226583.33333333334
1103,293433.3333333333
1104,222156.7
1105,195903.33333333334
1106,144750.0
1107,321493.36666666664
1108,331303.4
1109,97143.33333333333
1110,274860.13333333336
1111,197966.66666666666
1112,247696.66666666666
1113,223553.33333333334
1114,303246.73333333334
1115,127250.0
1116,105543.33333333333
1117,210363.33333333334
1118,147490.0
1119,243983.33333333334
1120,198586.66666666666
1121,259323.33333333334
1122,122560.0
1123,101003.33333333333
1124,331153.36666666664
1125,94840.0
1126,187776.66666666666
1127,287093.3333333333
1128,312483.4
1129,88356.66666666667
1130,123046.66666666667
1131,421123.6666666667
1132,71543.33333333333
1133,213653.4
1134,374840.06666666665
1135,306890.0
1136,133506.66666666666
1137,173270.0
1138,481844.13333333336
1139,123333.33333333333
1140,172400.0
1141,246420.03333333333
1142,241776.66666666666
1143,120780.0
1144,200963.33333333334
1145,84140.0
1146,222883.33333333334
1147,247203.33333333334
1148,64396.666666666664
1149,77586.66666666667
1150,193020.0
1151,137633.33333333334
1152,110983.33333333333
1153,255553.33333333334
1154,161793.36666666667
1155,423240.4666666667
1156,57440.0
1157,137353.33333333334
1158,294590.0333333333
1159,199896.66666666666
1160,61850.0
1161,107926.66666666667
1162,236840.03333333333
1163,85436.66666666667
1164,220143.33333333334
1165,213590.0
1166,234473.36666666667
1167,190630.0
1168,179853.33333333334
1169,202363.33333333334
1170,211050.0
1171,56660.0
1172,180310.0
1173,244186.66666666666
1174,237006.66666666666
1175,398103.5
1176,108426.66666666667
1177,194976.66666666666
1178,142363.33333333334
1179,288753.3333333333
1180,392750.1
1181,282063.4
1182,115370.0
1183,180850.0
1184,170726.66666666666
1185,187463.33333333334
1186,222490.0
1187,341660.0
1188,146600.0
1189,201746.66666666666
1190,337060.0
1191,215976.66666666666
1192,212356.66666666666
1193,230776.66666666666
1194,60263.333333333336
1195,92163.33333333333
1196,223756.66666666666
1197,163230.0
1198,173960.0
1199,405093.73333333334
1200,127630.0
1201,255490.0
1202,185450.0
1203,281660.06666666665
1204,128869.96666666666
1205,220976.66666666666
1206,273813.36666666664
1207,92906.66666666667
1208,98396.66666666667
1209,97870.0
1210,175633.33333333334
1211,118163.33333333333
1212,490447.5
1213,141313.33333333334
1214,130156.66666666667
1215,395506.86666666664
1216,295086.6666666667
1217,194270.0
1218,208420.0
1219,173890.06666666668
1220,78216.66666666667
1221,319840.0
1222,207650.0
1223,275013.3333333333
1224,198223.33333333334
1225,240253.33333333334
1226,131683.33333333334
1227,112120.0
1228,443447.06666666665
1229,296153.3333333333
1230,157226.66666666666
1231,104236.66666666667
1232,341996.8
1233,162680.0
1234,353983.36666666664
1235,74523.33333333333
1236,97603.33333333333
1237,164800.0
1238,102356.66666666667
1239,294256.7
1240,335580.0
1241,134543.33333333334
1242,204236.66666666666
1243,216536.66666666666
1244,203263.33333333334
1245,88193.33333333333
1246,218253.33333333334
1247,361770.0333333333
1248,176753.33333333334
1249,320286.76666666666
1250,120856.66666666667
1251,381196.8333333333
1252,223070.0
1253,145726.66666666666
1254,97040.0
1255,437323.73333333334
1256,112513.33333333333
1257,104403.33333333333
1258,235880.0
1259,410993.63333333336
1260,161060.0
1261,112396.66666666667
1262,311623.3333333333
1263,214173.33333333334
1264,131000.0
1265,194656.66666666666
1266,331016.8
1267,183083.33333333334
1268,339756.7
1269,256023.4
1270,208960.03333333333
1271,249430.03333333333
1272,121320.0
1273,427010.3
1274,351106.73333333334
1275,383313.6666666667
1276,361200.13333333336
1277,100696.66666666667
1278,263496.6666666667
1279,190150.0
1280,114106.66666666667
1281,88750.0
1282,104670.0
1283,117393.33333333333
1284,122270.0
1285,236773.33333333334
1286,174960.03333333333
1287,150643.33333333334
1288,70890.0
1289,237513.33333333334
1290,100800.0
1291,107740.0
1292,271430.0
1293,162900.0
1294,204663.33333333334
1295,111523.33333333333
1296,160603.33333333334
1297,129350.0
1298,368086.73333333334
1299,124160.0
1300,286873.3333333333
1301,132223.33333333334
1302,189356.66666666666
1303,252486.66666666666
1304,212723.33333333334
1305,452960.4666666667
1306,81206.66666666667
1307,108913.33333333333
1308,183366.66666666666
1309,115503.33333333333
1310,184696.66666666666
1311,444973.6666666667
1312,177379.96666666667
1313,102160.0
1314,184636.66666666666
1315,279293.3333333333
1316,345486.7
1317,165430.0
1318,134700.0
1319,237153.33333333334
1320,500001.0
1321,495004.2
1322,115013.33333333333
1323,208620.0
1324,52503.333333333336
1325,301610.06666666665
1326,269900.1666666667
1327,156446.66666666666
1328,178796.66666666666
1329,65760.0
1330,226543.33333333334
1331,370466.8333333333
1332,332300.0
1333,132426.66666666666
1334,233340.0
1335,64650.0
1336,230113.33333333334
1337,157723.33333333334
1338,112003.33333333333
1339,191643.33333333334
1340,318726.6666666667
1341,138856.66666666666
1342,155343.33333333334
1343,208473.33333333334
1344,98363.33333333333
1345,97103.33333333333
1346,403680.23333333334
1347,287000.0
1348,257256.66666666666
1349,234293.33333333334
1350,462180.5333333333
1351,326836.8
1352,350110.06666666665
1353,161090.0
1354,260453.33333333334
1355,146780.0
1356,139533.33333333334
1357,204503.36666666667
1358,80250.0
1359,272870.06666666665
1360,185800.0
1361,83766.66666666667
1362,98250.0
1363,73373.33333333333
1364,410890.3333333333
1365,145493.33333333334
1366,99376.66666666667
1367,298616.6666666667
1368,204850.0
1369,71846.66666666667
1370,111920.0
1371,58700.0
1372,173800.0
1373,422276.9666666667
1374,308920.06666666665
1375,136546.66666666666
1376,264290.0
1377,178096.66666666666
1378,240046.66666666666
1379,280113.36666666664
1380,442970.3333333333
1381,246980.03333333333
1382,120253.33333333333
1383,208796.66666666666
1384,147086.66666666666
1385,432036.9666666667
1386,101820.0
1387,146133.33333333334
1388,317486.73333333334
1389,171493.33333333334
1390,287770.0
1391,98183.33333333333
1392,151970.0
1393,170880.0
1394,74396.66666666667
1395,199390.0
1396,141976.66666666666
1397,311706.7
1398,315006.7
1399,67676.66666666667
1400,179943.33333333334
1401,388163.6666666667
1402,389620.23333333334
1403,248576.66666666666
1404,70596.66666666667
1405,180060.0
1406,132096.66666666666
1407,91493.33333333333
1408,139463.33333333334
1409,143123.33333333334
1410,329536.76666666666
1411,173933.33333333334
1412,123166.66666666667
1413,278796.6666666667
1414,149880.0
1415,61503.333333333336
1416,110213.33333333333
1417,257120.0
1418,124970.0
1419,120560.0
1420,174646.66666666666
1421,219206.66666666666
1422,156716.66666666666
1423,420523.63333333336
1424,405043.5
1425,148053.33333333334
1426,202173.33333333334
1427,389826.6666666667
1428,225380.0
1429,228536.66666666666
1430,166653.33333333334
1431,111936.66666666667
1432,212440.0
1433,86446.66666666667
1434,283996.6666666667
1435,116146.66666666667
1436,59883.333333333336
1437,469330.73333333334
1438,216120.0
1439,162460.0
1440,102633.33333333333
1441,302606.73333333334
1442,99519.96666666666
1443,184950.0
1444,210610.0
1445,280400.0333333333
1446,194246.66666666666
1447,357193.43333333335
1448,78850.0
1449,135383.33333333334
1450,124323.33333333333
1451,472740.6666666667
1452,383320.06666666665
1453,119390.0
1454,246193.46666666667
1455,219330.0
1456,277010.0333333333
1457,102636.66666666667
1458,211766.66666666666
1459,197990.0
1460,161046.66666666666
1461,276696.7
1462,180863.33333333334
1463,192663.33333333334
1464,172300.0
1465,188960.0
1466,261926.7
1467,128800.0
1468,404553.5
1469,114393.33333333333
1470,190633.33333333334
1471,218650.0
1472,103740.0
1473,131773.33333333334
1474,341300.1666666667
1475,271536.7
1476,175356.66666666666
1477,168236.66666666666
1478,104886.66666666667
1479,109023.33333333333
1480,453280.4666666667
1481,241000.0
1482,198956.66666666666
1483,194900.0
1484,245706.7
1485,289380.0333333333
1486,112056.66666666667
1487,488780.86666666664
1488,351910.1
1489,235083.33333333334
1490,155970.0
1491,147450.0
1492,69813.33333333333
1493,278823.4666666667
1494,123846.66666666667
1495,378566.8
1496,128430.0
1497,414196.86666666664
1498,200660.0
1499,350126.76666666666
1500,127416.66666666667
1501,65720.0
1502,213066.66666666666
1503,247946.66666666666
1504,202103.33333333334
1505,123306.66666666667
1506,106126.66666666667
1507,345400.0333333333
1508,294406.8
1509,132300.0
1510,273216.8
1511,192840.0
1512,160063.33333333334
1513,56176.666666666664
1514,341253.3333333333
1515,156983.33333333334
1516,135610.0
1517,142393.4
1518,56260.0
1519,107373.33333333333
1520,201516.66666666666
1521,326340.0333333333
1522,337993.4
1523,66899.96666666666
1524,144563.33333333334
1525,204613.43333333332
1526,112936.66666666667
1527,388556.73333333334
1528,86580.0
1529,178796.66666666666
1530,54290.0
1531,105600.0
1532,288690.0
1533,329910.13333333336
1534,128846.66666666667
1535,370170.06666666665
1536,76936.66666666667
1537,182603.33333333334
1538,374533.63333333336
1539,223296.66666666666
1540,322113.36666666664
1541,96280.0
1542,83080.0
1543,230166.66666666666
1544,397313.63333333336
1545,79166.66666666667
1546,220133.33333333334
1547,128446.66666666667
1548,172343.33333333334
1549,67166.66666666667
1550,231520.0
1551,497617.63333333336
1552,122410.0
1553,298730.0333333333
1554,82706.66666666667
1555,272606.7
1556,292730.06666666665
1557,224756.73333333334
1558,189206.66666666666
1559,77733.33333333333
1560,72366.66666666667
1561,212983.33333333334
1562,290123.36666666664
1563,185726.66666666666
1564,168426.66666666666
1565,110890.0
1566,276396.6666666667
1567,264240.0333333333
1568,381440.1666666667
1569,230883.33333333334
1570,216073.33333333334
1571,283596.73333333334
1572,174980.0
1573,310360.06666666665
1574,301843.36666666664
1575,102376.66666666667
1576,111383.33333333333
1577,117070.0
1578,83706.66666666667
1579,194380.0
1580,234606.66666666666
1581,197556.66666666666
1582,161426.66666666666
1583,390850.13333333336
1584,223356.66666666666
1585,102513.33333333333
1586,194230.0
1587,294280.0333333333
1588,155380.0
1589,497250.9666666667
1590,335036.76666666666
1591,267856.73333333334
1592,193240.0
1593,125310.0
1594,237276.66666666666
1595,390200.23333333334
1596,276666.6666666667
1597,134450.0
1598,131810.0
1599,144273.33333333334
1600,144650.0
1601,222033.33333333334
1602,94026.66666666667
1603,137186.66666666666
1604,129163.33333333333
1605,241390.0
1606,57183.333333333336
1607,95150.0
1608,82030.0
1609,110066.66666666667
1610,203550.0
1611,258513.36666666667
1612,277556.6666666667
1613,114166.66666666667
1614,353780.06666666665
1615,182850.0
1616,325040.0333333333
1617,93680.0
1618,227196.66666666666
1619,211150.0
1620,204160.0
1621,316486.6666666667
1622,413920.23333333334
1623,97083.33333333333
1624,86980.0
1625,116200.0
1626,488837.5
1627,469723.8333333333
1628,233413.43333333332
1629,89996.66666666667
1630,479307.4666666667
1631,111360.0
1632,307376.6666666667
1633,77513.33333333333
1634,70320.0
1635,264866.6666666667
1636,222656.66666666666
1637,120610.0
1638,105973.33333333333
1639,397343.4
1640,119313.33333333333
1641,70913.33333333333
1642,53380.0
1643,433890.3333333333
1644,216073.33333333334
1645,318310.0
1646,377236.9
1647,436547.1666666667
1648,92363.33333333333
1649,101806.66666666667
1650,293600.0
1651,344850.06666666665
1652,141093.33333333334
1653,234530.0
1654,173556.66666666666
1655,295350.0
1656,165720.0
1657,170800.0
1658,54620.0
1659,152930.0
1660,186833.33333333334
1661,133046.66666666666
1662,224586.66666666666
1663,300090.0333333333
1664,299836.6666666667
1665,192066.66666666666
1666,206133.4
1667,408480.23333333334
1668,195080.06666666668
1669,145416.66666666666
1670,291836.6666666667
1671,106190.0
1672,307563.36666666664
1673,169900.0
1674,125746.66666666667
1675,81376.66666666667
1676,163423.33333333334
1677,216686.66666666666
1678,295543.3333333333
1679,287366.6666666667
1680,102350.0
1681,157926.66666666666
1682,165350.0
1683,264813.3333333333
1684,324863.4666666667
1685,298890.0333333333
1686,86016.66666666667
1687,276250.0
1688,336110.0333333333
1689,202316.66666666666
1690,95466.66666666667
1691,125410.0
1692,259816.66666666666
1693,244186.66666666666
1694,155636.66666666666
1695,256450.0
1696,216083.33333333334
1697,154236.66666666666
1698,95676.66666666667
1699,91776.66666666667
1700,151690.0
1701,98093.33333333333
1702,171736.66666666666
1703,259380.0
1704,129803.33333333333
1705,173056.66666666666
1706,240273.36666666667
1707,131193.33333333334
1708,104003.33333333333
1709,275606.6666666667
1710,150250.0
1711,158953.33333333334
1712,116926.66666666667
1713,164250.0
1714,422177.0333333333
1715,299706.7
1716,178860.0
1717,143916.66666666666
1718,68926.66666666667
1719,256776.66666666666
1720,252583.33333333334
1721,126496.66666666667
1722,348143.4
1723,109093.33333333333
1724,343956.7
1725,250653.33333333334
1726,84716.66666666667
1727,87306.66666666667
1728,84103.33333333333
1729,204763.33333333334
1730,190373.33333333334
1731,162930.0
1732,260330.0
1733,394126.8333333333
1734,194083.36666666667
1735,172646.66666666666
1736,69133.33333333333
1737,153140.0
1738,194613.46666666667
1739,285756.7
1740,208780.0
1741,203100.0
1742,170763.33333333334
1743,237723.33333333334
1744,185063.33333333334
1745,198603.33333333334
1746,139783.33333333334
1747,157846.66666666666
1748,340893.3333333333
1749,318373.43333333335
1750,169453.33333333334
1751,81706.66666666667
1752,350226.86666666664
1753,100543.33333333333
1754,160100.0
1755,216273.36666666667
1756,104890.0
1757,177120.03333333333
1758,171603.33333333334
1759,317603.36666666664
1760,215203.33333333334
1761,318076.7
1762,215633.33333333334
1763,314740.0333333333
1764,239803.33333333334
1765,96136.66666666667
1766,189816.66666666666
1767,78266.66666666667
1768,374656.86666666664
1769,342446.73333333334
1770,134283.33333333334
1771,390186.76666666666
1772,57310.0
1773,263606.6666666667
1774,231726.66666666666
1775,166996.66666666666
1776,159710.0
1777,172770.0
1778,254870.0
1779,239186.66666666666
1780,101580.0
1781,285660.0
1782,175560.0
1783,164363.33333333334
1784,293236.7
1785,79903.33333333333
1786,200543.33333333334
1787,152773.33333333334
1788,172450.0
1789,280310.0333333333
1790,169533.33333333334
1791,120866.66666666667
1792,151383.33333333334
1793,217720.0
1794,85546.7
1795,342070.23333333334
1796,178940.0
1797,197496.66666666666
1798,179476.66666666666
1799,370386.8333333333
1800,464600.63333333336
1801,218376.7
1802,390910.06666666665
1803,331296.6666666667
1804,122423.36666666667
1805,75990.0
1806,194983.33333333334
1807,90406.66666666667
1808,199980.0
1809,150133.33333333334
1810,207250.0
1811,167246.66666666666
1812,134693.33333333334
1813,190713.33333333334
1814,247226.66666666666
1815,82923.33333333333
1816,235273.33333333334
1817,198773.33333333334
1818,100826.66666666667
1819,168270.0
1820,182280.0
1821,230753.33333333334
1822,262626.6666666667
1823,216093.36666666667
1824,151080.0
1825,119183.33333333333
1826,87236.66666666667
1827,155326.66666666666
1828,158733.33333333334
1829,228410.0
1830,128256.66666666667
1831,193873.33333333334
1832,243956.66666666666
1833,159800.0
1834,325356.7
1835,95933.33333333333
1836,172363.33333333334
1837,118810.0
1838,55993.333333333336
1839,96053.33333333333
1840,94313.33333333333
1841,157250.0
1842,215520.0
1843,82546.66666666667
1844,74270.0
1845,149036.66666666666
1846,116350.0
1847,110883.33333333333
1848,89343.33333333333
1849,71450.0
1850,325880.0
1851,165360.0
1852,185360.03333333333
1853,186223.33333333334
1854,254916.66666666666
1855,171143.33333333334
1856,200680.0
1857,102650.0
1858,169983.33333333334
1859,349253.43333333335
1860,192783.33333333334
1861,252143.4
1862,402520.23333333334
1863,331280.0333333333
1864,96376.66666666667
1865,187233.33333333334
1866,125920.0
1867,98930.0
1868,262103.33333333334
1869,360186.76666666666
1870,323056.6666666667
1871,155660.0
1872,72116.66666666667
1873,231706.66666666666
1874,206113.33333333334
1875,114033.33333333333
1876,111303.33333333333
1877,66246.66666666667
1878,130583.33333333333
1879,418263.6
1880,74976.66666666667
1881,53340.0
1882,320206.8
1883,328496.6666666667
1884,86153.33333333333
1885,89436.66666666667
1886,298053.36666666664
1887,95376.66666666667
1888,354300.06666666665
1889,169000.0
1890,351516.9
1891,98783.33333333333
1892,205083.33333333334
1893,456547.26666666666
1894,226763.33333333334
1895,58796.666666666664
1896,296970.0
1897,441617.06666666665
1898,147266.66666666666
1899,161710.0
1900,63776.666666666664
1901,197223.33333333334
1902,296813.3333333333
1903,308596.76666666666
1904,416900.3
1905,94770.0
1906,125330.0
1907,269926.6666666667
1908,101670.0
1909,124850.0
1910,429826.9666666667
1911,230340.0
1912,405080.1
1913,367453.5
1914,396336.8333333333
1915,290813.36666666664
1916,230493.33333333334
1917,258853.33333333334
1918,275646.7
1919,261346.66666666666
1920,364853.43333333335
1921,204213.4
1922,185970.0
1923,495940.93333333335
1924,143290.03333333333
1925,327273.3333333333
1926,247530.0
1927,270623.36666666664
1928,152260.0
1929,169856.66666666666
1930,179756.66666666666
1931,134326.66666666666
1932,209103.33333333334
1933,365490.1
1934,240970.03333333333
1935,319550.0333333333
1936,237843.33333333334
1937,393046.86666666664
1938,110703.33333333333
1939,221056.66666666666
1940,108076.66666666667
1941,52673.333333333336
1942,130220.0
1943,81936.66666666667
1944,126923.33333333333
1945,259403.33333333334
1946,241626.7
1947,375490.2
1948,124016.66666666667
1949,234636.73333333334
1950,294496.7
1951,155843.33333333334
1952,152220.0
1953,350483.5333333333
1954,130700.0
1955,212786.66666666666
1956,122340.0
1957,85363.33333333333
1958,149090.0
1959,256506.66666666666
1960,316590.1
1961,184450.0
1962,165300.0
1963,373766.73333333334
1964,466010.6
1965,134760.0
1966,410796.86666666664
1967,173850.0
1968,220500.0
1969,114186.66666666667
1970,196226.66666666666
1971,280223.3333333333
1972,163870.0
1973,85166.66666666667
1974,172740.0
1975,115520.0
1976,167866.66666666666
1977,294596.6666666667
1978,258856.76666666666
1979,141950.0
1980,100963.33333333333
1981,413030.2
1982,82306.66666666667
1983,249873.43333333332
1984,357600.06666666665
1985,236303.33333333334
1986,102013.33333333333
1987,307900.0
1988,500001.0
1989,307826.6666666667
1990,289670.0
1991,362066.9
1992,109920.0
1993,136160.0
1994,101100.0
1995,246183.4
1996,251196.66666666666
1997,88313.33333333333
1998,274933.3333333333
1999,192160.0
2000,149733.33333333334
2001,311716.76666666666
2002,187200.0
2003,284073.3333333333
2004,262010.0
2005,152860.0
2006,126573.33333333333
2007,173560.0
2008,182743.33333333334
2009,60623.333333333336
2010,105450.0
2011,293710.0
2012,192400.0
2013,243366.66666666666
2014,117356.66666666667
2015,222646.66666666666
2016,481207.4666666667
2017,72836.66666666667
2018,222046.66666666666
2019,347380.0333333333
2020,123633.33333333333
2021,322050.06666666665
2022,299816.6666666667
2023,192353.33333333334
2024,250753.36666666667
2025,314486.6666666667
2026,175106.66666666666
2027,436913.6
2028,180896.66666666666
2029,189470.0
2030,232230.0
2031,169686.66666666666
2032,115623.33333333333
2033,194450.0
2034,223830.03333333333
2035,211360.0
2036,150106.66666666666
2037,481367.43333333335
2038,167413.33333333334
2039,476840.6666666667
2040,500001.0
2041,116483.33333333333
2042,141590.0
2043,101756.66666666667
2044,133646.66666666666
2045,94740.0
2046,153640.0
2047,139970.0
2048,196510.0
2049,179133.33333333334
2050,289836.7
2051,248466.66666666666
2052,323900.1
2053,434483.76666666666
2054,160986.66666666666
2055,112193.33333333333
2056,85133.33333333333
2057,140203.33333333334
2058,64476.63333333333
2059,97100.0
2060,194740.0
2061,103550.0
2062,173616.66666666666
2063,288686.7
2064,212123.33333333334
2065,81273.33333333333
2066,160166.66666666666
2067,204356.66666666666
2068,231473.33333333334
2069,118486.66666666667
2070,246450.0
2071,134490.0
2072,104780.0
2073,245593.33333333334
2074,183416.66666666666
2075,417593.6
2076,330676.8
2077,146100.0
2078,284956.76666666666
2079,253310.03333333333
2080,388533.4
2081,182513.33333333334
2082,215520.0
2083,165233.33333333334
2084,436093.6666666667
2085,204216.66666666666
2086,195390.0
2087,194736.66666666666
2088,158140.0
2089,160800.0
2090,156670.0
2091,104110.0
2092,249093.33333333334
2093,264223.3333333333
2094,155296.66666666666
2095,245500.03333333333
2096,367673.4
2097,78253.33333333333
2098,170816.66666666666
2099,192000.0
2100,429203.73333333334
2101,269686.6666666667
2102,346086.9
2103,140860.0
2104,105183.33333333333
2105,176706.66666666666
2106,136483.33333333334
2107,108626.66666666667
2108,162513.33333333334
2109,101210.0
2110,152630.0
2111,121380.0
2112,186720.03333333333
2113,60110.0
2114,445880.3
2115,115663.33333333333
2116,72083.26666666666
2117,124360.0
2118,89816.66666666667
2119,177560.0
2120,113766.66666666667
2121,357596.8333333333
2122,97503.33333333333
2123,336183.36666666664
2124,69823.33333333333
2125,229726.66666666666
2126,178133.33333333334
2127,197623.33333333334
2128,180636.66666666666
2129,106346.66666666667
2130,167353.33333333334
2131,183486.66666666666
2132,410597.0
2133,274693.3333333333
2134,113616.66666666667
2135,109720.0
2136,191050.0
2137,393917.0
2138,304790.23333333334
2139,314846.6666666667
2140,135740.0
2141,70610.0
2142,259843.33333333334
2143,326876.73333333334
2144,138063.33333333334
2145,143073.33333333334
2146,155596.66666666666
2147,265563.36666666664
2148,145713.33333333334
2149,133456.66666666666
2150,354556.93333333335
2151,297190.0
2152,485680.8333333333
2153,227273.33333333334
2154,160943.33333333334
2155,143400.0
2156,101643.33333333333
2157,354720.1
2158,178666.66666666666
2159,103073.33333333333
2160,63170.0
2161,189700.0
2162,206990.0
2163,243306.7
2164,395286.7
2165,111363.33333333333
2166,101043.33333333333
2167,164276.7
2168,202200.0
2169,91216.66666666667
2170,324036.6666666667
2171,109606.66666666667
2172,148233.33333333334
2173,149956.66666666666
2174,219596.66666666666
2175,239436.66666666666
2176,81590.0
2177,457030.43333333335
2178,166620.0
2179,200266.66666666666
2180,99126.66666666667
2181,111743.33333333333
2182,358753.56666666665
2183,209816.66666666666
2184,323903.3333333333
2185,291913.3333333333
2186,300500.0333333333
2187,95963.33333333333
2188,206646.66666666666
2189,214076.66666666666
2190,152070.0
2191,110096.66666666667
2192,247300.06666666668
2193,258530.03333333333
2194,168816.66666666666
2195,240630.06666666668
2196,192816.66666666666
2197,210813.33333333334
2198,179136.66666666666
2199,291663.36666666664
2200,123743.33333333333
2201,83233.3
2202,312326.6666666667
2203,149700.0
2204,172913.33333333334
2205,185110.0
2206,311240.06666666665
2207,189160.0
2208,247976.66666666666
2209,475237.4666666667
2210,233443.36666666667
2211,282230.0333333333
2212,404890.2
2213,115033.33333333333
2214,136460.0
2215,91663.33333333333
2216,152740.0
2217,455950.4666666667
2218,188286.66666666666
2219,483664.13333333336
2220,163543.33333333334
2221,477437.36666666664
2222,163623.33333333334
2223,226733.33333333334
2224,232796.66666666666
2225,188556.66666666666
2226,204963.33333333334
2227,137353.33333333334
2228,139653.33333333334
2229,181950.0
2230,157286.66666666666
2231,105060.0
2232,63993.333333333336
2233,323006.73333333334
2234,174576.66666666666
2235,380493.5
2236,107353.33333333333
2237,97176.66666666667
2238,224210.0
2239,233266.66666666666
2240,110916.66666666667
2241,376403.3333333333
2242,105723.33333333333
2243,159150.0
2244,157983.33333333334
2245,187163.33333333334
2246,440027.06666666665
2247,309563.3333333333
2248,173216.66666666666
2249,204236.66666666666
2250,219500.0
2251,146463.33333333334
2252,312190.0333333333
2253,180073.33333333334
2254,214786.7
2255,363880.06666666665
2256,264390.0333333333
2257,160910.0
2258,173443.33333333334
2259,403953.56666666665
2260,113050.0
2261,166280.0
2262,428203.5333333333
2263,112360.0
2264,118816.66666666667
2265,100866.66666666667
2266,471157.43333333335
2267,163020.0
2268,69783.33333333333
2269,175786.66666666666
2270,149520.0
2271,180880.0
2272,143520.0
2273,229066.7
2274,130180.0
2275,121216.66666666667
2276,434980.3333333333
2277,137350.0
2278,147583.33333333334
2279,273776.6666666667
2280,124206.66666666667
2281,121963.33333333333
2282,176893.33333333334
2283,238186.66666666666
2284,134556.66666666666
2285,194236.66666666666
2286,235223.33333333334
2287,140533.33333333334
2288,122193.33333333333
2289,188340.0
2290,326903.3333333333
2291,209100.0
2292,67480.0
2293,198716.66666666666
2294,318523.36666666664
2295,200540.0
2296,81380.0
2297,386120.4
2298,293123.36666666664
2299,265203.3333333333
2300,116893.33333333333
2301,151283.33333333334
2302,250296.66666666666
2303,122516.66666666667
2304,154906.66666666666
2305,197606.66666666666
2306,258930.03333333333
2307,152690.0
2308,276790.06666666665
2309,210980.0
2310,267873.36666666664
2311,172466.66666666666
2312,290223.3333333333
2313,181956.66666666666
2314,295033.36666666664
2315,157873.33333333334
2316,332526.73333333334
2317,153956.66666666666
2318,51683.333333333336
2319,129603.33333333333
2320,122733.33333333333
2321,159300.0
2322,434567.2
2323,98790.0
2324,160363.33333333334
2325,320183.3333333333
2326,211023.33333333334
2327,74033.33333333333
2328,323773.36666666664
2329,91836.66666666667
2330,133750.0
2331,357813.4
2332,77676.66666666667
2333,188780.0
2334,183463.36666666667
2335,152670.0
2336,449483.86666666664
2337,219630.0
2338,66476.66666666667
2339,71913.33333333333
2340,247210.0
2341,182760.0
2342,320216.7
2343,270666.73333333334
2344,162673.33333333334
2345,130870.0
2346,376866.7
2347,210166.66666666666
2348,157186.66666666666
2349,186923.56666666668
2350,89016.66666666667
2351,109003.33333333333
2352,116426.66666666667
2353,287986.6666666667
2354,134743.33333333334
2355,218266.66666666666
2356,131676.66666666666
2357,70660.0
2358,167873.33333333334
2359,458103.9666666667
2360,106846.66666666667
2361,101523.33333333333
2362,235720.0
2363,72776.66666666667
2364,202576.66666666666
2365,170036.66666666666
2366,276396.7
2367,486910.7
2368,209750.0
2369,144136.66666666666
2370,248633.33333333334
2371,240246.66666666666
2372,157960.0
2373,155983.33333333334
2374,195760.0
2375,78710.0
2376,218353.33333333334
2377,199826.66666666666
2378,85370.0
2379,500001.0
2380,243830.0
2381,96263.33333333333
2382,121336.66666666667
2383,92206.66666666667
2384,86396.66666666667
2385,123443.33333333333
2386,270580.0
2387,191666.66666666666
2388,159443.33333333334
2389,299213.36666666664
2390,99743.33333333333
2391,94693.33333333333
2392,113520.0
2393,420153.6666666667
2394,222686.66666666666
2395,216716.66666666666
2396,134903.33333333334
2397,230100.0
2398,156446.66666666666
2399,354480.1
2400,304340.0
2401,214466.66666666666
2402,194463.33333333334
2403,276700.0
2404,270380.0333333333
2405,134790.0
2406,96500.0
2407,91916.66666666667
2408,63316.666666666664
2409,215136.7
2410,148783.33333333334
2411,154083.33333333334
2412,115583.33333333333
2413,183663.33333333334
2414,243333.33333333334
2415,173646.66666666666
2416,77673.33333333333
2417,64533.333333333336
2418,106220.0
2419,209100.0
2420,295910.0
2421,369853.43333333335
2422,279603.3333333333
2423,205086.66666666666
2424,382090.2
2425,212766.66666666666
2426,453023.9
2427,284730.0333333333
2428,472397.3
2429,198650.0
2430,221723.33333333334
2431,175980.0
2432,182856.66666666666
2433,81896.66666666667
2434,373500.1666666667
2435,137843.33333333334
2436,83056.66666666667
2437,155713.33333333334
2438,261163.33333333334
2439,304726.73333333334
2440,127880.0
2441,379680.13333333336
2442,294200.0333333333
2443,134650.0
2444,202640.0
2445,296263.3333333333
2446,222836.66666666666
2447,257936.66666666666
2448,62013.333333333336
2449,81866.66666666667
2450,79593.33333333333
2451,120630.0
2452,107930.0
2453,202176.66666666666
2454,108846.66666666667
2455,81173.33333333333
2456,146733.33333333334
2457,215416.66666666666
2458,92620.0
2459,426440.4666666667
2460,151446.66666666666
2461,143613.33333333334
2462,158913.33333333334
2463,222330.0
2464,148030.0
2465,212630.03333333333
2466,185540.0
2467,497010.9666666667
2468,361933.76666666666
2469,193720.0
2470,492890.93333333335
2471,184363.33333333334
2472,113810.0
2473,119186.66666666667
2474,119826.66666666667
2475,96146.66666666667
2476,190460.03333333333
2477,270816.6666666667
2478,432080.26666666666
2479,283070.06666666665
2480,96560.0
2481,137850.0
2482,128380.0
2483,98610.0
2484,120700.0
2485,129150.0
2486,219123.33333333334
2487,75283.33333333333
2488,82060.0
2489,109400.0
2490,145100.03333333333
2491,101620.0
2492,73340.0
2493,251283.33333333334
2494,79470.0
2495,209723.33333333334
2496,417293.56666666665
2497,232853.33333333334
2498,122856.66666666667
2499,194733.33333333334
2500,125840.03333333334
2501,195630.0
2502,271513.3333333333
2503,358066.73333333334
2504,224600.0
2505,334833.56666666665
2506,165056.66666666666
2507,132803.33333333334
2508,479294.06666666665
2509,459567.26666666666
2510,324207.0333333333
2511,309996.7
2512,124523.33333333333
2513,157916.66666666666
2514,134403.33333333334
2515,209380.0
2516,158936.66666666666
2517,195976.66666666666
2518,237323.33333333334
2519,456863.9
2520,326880.0
2521,152450.0
2522,214523.33333333334
2523,363806.73333333334
2524,223503.33333333334
2525,191060.0
2526,427830.3333333333
2527,243046.66666666666
2528,282293.3333333333
2529,317366.73333333334
2530,240830.1
2531,186663.33333333334
2532,176026.66666666666
2533,63403.333333333336
2534,152746.66666666666
2535,241083.33333333334
2536,117530.0
2537,77253.33333333333
2538,60073.333333333336
2539,233216.66666666666
2540,245813.33333333334
2541,125010.0
2542,92690.0
2543,128973.33333333333
2544,158053.33333333334
2545,83413.33333333333
2546,369826.73333333334
2547,281966.6666666667
2548,134673.33333333334
2549,207936.66666666666
2550,77406.66666666667
2551,456637.1666666667
2552,94976.66666666667
2553,95763.33333333333
2554,116753.33333333333
2555,325906.73333333334
2556,193563.33333333334
2557,195546.66666666666
2558,159900.0
2559,158416.66666666666
2560,246523.33333333334
2561,236810.0
2562,108820.0
2563,294353.3333333333
2564,362690.1666666667
2565,479107.23333333334
2566,352953.3333333333
2567,115063.33333333333
2568,229790.0
2569,375453.4
2570,51990.0
2571,160033.33333333334
2572,275980.0333333333
2573,229866.66666666666
2574,424270.36666666664
2575,229143.4
2576,236760.0
2577,245933.33333333334
2578,164300.0
2579,55173.333333333336
2580,97123.33333333333
2581,253196.66666666666
2582,166576.66666666666
2583,500001.0
2584,463033.93333333335
2585,87466.66666666667
2586,70446.66666666667
2587,327926.6666666667
2588,145403.33333333334
2589,176543.33333333334
2590,82043.33333333333
2591,230610.0
2592,198553.33333333334
2593,237360.03333333333
2594,53686.666666666664
2595,438840.5
2596,333573.4
2597,220496.66666666666
2598,86900.0
2599,195833.33333333334
2600,220926.66666666666
2601,142083.33333333334
2602,94486.66666666667
2603,214890.0
2604,185593.33333333334
2605,445113.8
2606,500001.0
2607,286173.36666666664
2608,298080.0
2609,139416.66666666666
2610,174880.0
2611,135453.33333333334
2612,149750.0
2613,85990.0
2614,294060.06666666665
2615,143176.66666666666
2616,118386.66666666667
2617,154306.66666666666
2618,473520.5
2619,97590.0
2620,80140.0
2621,59506.666666666664
2622,183373.33333333334
2623,169873.33333333334
2624,329566.8333333333
2625,116020.0
2626,130259.96666666666
2627,154930.0
2628,175040.0
2629,121340.0
2630,120660.0
2631,127390.0
2632,371820.0
2633,163580.0
2634,343780.2
2635,95103.33333333333
2636,107906.66666666667
2637,333976.8
2638,85480.0
2639,235476.7
2640,383176.86666666664
2641,66396.66666666667
2642,174673.33333333334
2643,107903.33333333333
2644,420910.1666666667
2645,185503.33333333334
2646,94496.66666666667
2647,53156.666666666664
2648,130140.0
2649,361930.0
2650,245370.0
2651,275506.73333333334
2652,86973.33333333333
2653,129523.33333333333
2654,137413.33333333334
2655,77403.33333333333
2656,81286.66666666667
2657,187440.0
2658,152430.0
2659,86116.66666666667
2660,171343.33333333334
2661,108860.0
2662,137370.0
2663,53836.666666666664
2664,228263.33333333334
2665,439120.5
2666,55793.333333333336
2667,275630.0
2668,184000.0
2669,199583.33333333334
2670,137793.33333333334
2671,83180.0
2672,206190.0
2673,380333.4
2674,266313.6
2675,142380.0
2676,166316.66666666666
2677,182833.33333333334
2678,347806.7
2679,324440.0
2680,347643.36666666664
2681,92510.0
2682,222326.66666666666
2683,155043.33333333334
2684,189990.0
2685,390076.93333333335
2686,112523.33333333333
2687,78806.66666666667
2688,177066.66666666666
2689,158863.33333333334
2690,196043.33333333334
2691,231826.66666666666
2692,306373.3333333333
2693,117776.66666666667
2694,165303.33333333334
2695,202070.0
2696,239863.33333333334
2697,243206.7
2698,212953.33333333334
2699,321556.76666666666
2700,327743.4
2701,202313.33333333334
2702,58583.333333333336
2703,139286.66666666666
2704,179083.33333333334
2705,288993.5333333333
2706,251830.0
2707,236993.33333333334
2708,143893.33333333334
2709,74376.66666666667
2710,327956.76666666666
2711,318416.6666666667
2712,178506.66666666666
2713,103910.0
2714,212266.66666666666
2715,187223.33333333334
2716,442823.73333333334
2717,245253.43333333332
2718,494147.6
2719,110470.0
2720,253446.7
2721,186176.66666666666
2722,139773.33333333334
2723,220193.36666666667
2724,266756.6666666667
2725,111616.66666666667
2726,368453.43333333335
2727,171406.7
2728,269110.0
2729,56180.0
2730,420637.06666666665
2731,56346.666666666664
2732,245946.7
2733,129660.0
2734,269256.6666666667
2735,180673.33333333334
2736,124026.66666666667
2737,250760.0
2738,181333.33333333334
2739,150340.0
2740,141803.33333333334
2741,163476.66666666666
2742,78040.0
2743,103083.33333333333
2744,126690.0
2745,175416.66666666666
2746,107873.33333333333
2747,198520.03333333333
2748,142740.0
2749,147496.66666666666
2750,125520.0
2751,407616.9
2752,157280.0
2753,362740.13333333336
2754,165606.66666666666
2755,215563.33333333334
2756,389873.7
2757,57636.666666666664
2758,276116.6666666667
2759,175536.66666666666
2760,229656.66666666666
2761,186923.33333333334
2762,140296.66666666666
2763,374570.1
2764,364676.73333333334
2765,229626.7
2766,263036.6666666667
2767,379206.76666666666
2768,68930.0
2769,136450.0
2770,265066.7
2771,115796.66666666667
2772,152086.66666666666
2773,88836.66666666667
2774,435433.6666666667
2775,241710.03333333333
2776,108943.33333333333
2777,166113.33333333334
2778,175373.33333333334
2779,366150.06666666665
2780,136953.33333333334
2781,113713.33333333333
2782,411030.43333333335
2783,106473.33333333333
2784,274313.3333333333
2785,132410.0
2786,229370.0
2787,186526.66666666666
2788,247376.66666666666
2789,341936.73333333334
2790,358580.1
2791,75476.66666666667
2792,180120.0
2793,92283.33333333333
2794,242980.0
2795,471143.9666666667
2796,271923.3333333333
2797,170466.66666666666
2798,122760.0
2799,88940.0
2800,104093.33333333333
2801,118943.33333333333
2802,89406.66666666667
2803,266903.36666666664
2804,174750.0
2805,211886.66666666666
2806,155336.66666666666
2807,340260.0
2808,369330.3333333333
2809,120150.0
2810,175293.33333333334
2811,190753.33333333334
2812,84493.33333333333
2813,65770.0
2814,175446.66666666666
2815,389203.4
2816,291276.73333333334
2817,116740.0
2818,367846.7
2819,240650.0
2820,274316.6666666667
2821,328743.4666666667
2822,146936.66666666666
2823,83396.66666666667
2824,244700.03333333333
2825,257263.33333333334
2826,294740.0
2827,360070.13333333336
2828,163103.33333333334
2829,206390.0
2830,158546.66666666666
2831,472800.7
2832,170633.33333333334
2833,218353.33333333334
2834,217296.66666666666
2835,242083.33333333334
2836,374603.36666666664
2837,89860.0
2838,394443.4666666667
2839,102216.66666666667
2840,86940.0
2841,126820.03333333334
2842,114473.33333333333
2843,217476.66666666666
2844,94540.0
2845,71430.0
2846,243920.0
2847,142016.66666666666
2848,178946.66666666666
2849,393176.86666666664
2850,214556.66666666666
2851,237723.36666666667
2852,158706.66666666666
2853,270183.3333333333
2854,214633.33333333334
2855,95600.0
2856,88780.0
2857,136130.0
2858,332963.3333333333
2859,58496.666666666664
2860,201686.66666666666
2861,437046.9666666667
2862,205573.33333333334
2863,106440.0
2864,105380.0
2865,412063.7
2866,101500.0
2867,266806.6666666667
2868,125330.0
2869,279580.0
2870,190923.33333333334
2871,285833.36666666664
2872,196353.33333333334
2873,340626.7
2874,220743.33333333334
2875,142006.66666666666
2876,103620.0
2877,81706.66666666667
2878,216750.0
2879,400257.0333333333
2880,418826.86666666664
2881,291633.36666666664
2882,470487.23333333334
2883,287953.3333333333
2884,168726.66666666666
2885,149150.0
2886,252260.0
2887,86563.33333333333
2888,214363.33333333334
2889,295763.4
2890,436530.43333333335
2891,122190.0
2892,169760.0
2893,143343.36666666667
2894,239663.33333333334
2895,199420.0
2896,92926.66666666667
2897,120603.33333333333
2898,253550.0
2899,238486.7
2900,361993.43333333335
2901,373433.4
2902,104903.33333333333
2903,164143.33333333334
2904,173276.66666666666
2905,118303.33333333333
2906,201220.0
2907,200423.33333333334
2908,487234.1
2909,125896.66666666667
2910,206436.66666666666
2911,73346.66666666667
2912,111686.66666666667
2913,299986.7
2914,154410.0
2915,417477.0333333333
2916,127086.66666666667
2917,418983.6
2918,267166.6666666667
2919,92373.33333333333
2920,343873.4666666667
2921,266090.0
2922,304240.0333333333
2923,103270.0
2924,198096.7
2925,333203.3333333333
2926,119746.66666666667
2927,339810.2
2928,270040.06666666665
2929,299633.3333333333
2930,416923.56666666665
2931,332746.73333333334
2932,104473.33333333333
2933,212733.33333333334
2934,125070.0
2935,187573.33333333334
2936,156660.0
2937,52030.0
2938,378526.9666666667
2939,111143.33333333333
2940,124436.66666666667
2941,238240.0
2942,154416.66666666666
2943,163346.66666666666
2944,131453.33333333334
2945,216036.66666666666
2946,262353.3333333333
2947,270550.06666666665
2948,144406.66666666666
2949,500001.0
2950,167440.0
2951,225670.0
2952,281136.6666666667
2953,181756.66666666666
2954,155116.66666666666
2955,115993.33333333333
2956,248463.33333333334
2957,183270.0
2958,98656.66666666667
2959,135200.0
2960,465073.93333333335
2961,191006.66666666666
2962,164146.66666666666
2963,263440.0
2964,233856.66666666666
2965,171539.96666666667
2966,120000.0
2967,211300.0
2968,263783.3333333333
2969,123503.33333333333
2970,208350.0
2971,150393.33333333334
2972,96133.33333333333
2973,167170.0
2974,226040.0
2975,133183.33333333334
2976,99806.66666666667
2977,315040.0
2978,248436.66666666666
2979,204693.33333333334
2980,192086.66666666666
2981,389533.43333333335
2982,142073.33333333334
2983,258286.66666666666
2984,191696.66666666666
2985,120973.33333333333
2986,201563.36666666667
2987,125606.66666666667
2988,202893.33333333334
2989,208803.33333333334
2990,104316.66666666667
2991,138980.0
2992,171933.33333333334
2993,371736.76666666666
2994,142030.0
2995,202966.66666666666
2996,487017.5
2997,226213.33333333334
2998,132683.33333333334
2999,193046.66666666666
3000,147043.33333333334
3001,136490.0
3002,221963.33333333334
3003,145053.33333333334
3004,289820.0
3005,429317.1
3006,310623.3333333333
3007,98433.33333333333
3008,97290.0
3009,357916.6666666667
3010,225530.03333333333
3011,241543.36666666667
3012,393890.2
3013,129123.33333333333
3014,148880.0
3015,65556.66666666667
3016,52463.333333333336
3017,97776.66666666667
3018,100493.33333333333
3019,316900.06666666665
3020,119873.33333333333
3021,239753.33333333334
3022,269963.3333333333
3023,497060.9666666667
3024,137890.0
3025,202536.66666666666
3026,91646.66666666667
3027,413536.9
3028,302710.06666666665
3029,230230.0
3030,125076.66666666667
3031,302766.6666666667
3032,92893.33333333333
3033,200136.7
3034,83860.0
3035,286560.0
3036,145493.33333333334
3037,228216.66666666666
3038,112100.0
3039,117870.0
3040,75216.66666666667
3041,285086.73333333334
3042,152980.0
3043,179283.33333333334
3044,247426.76666666666
3045,482683.93333333335
3046,173806.66666666666
3047,150336.66666666666
3048,490230.9
3049,213820.0
3050,424453.5333333333
3051,215763.33333333334
3052,173150.0
3053,228070.0
3054,444643.6666666667
3055,186196.66666666666
3056,212740.0
3057,107563.33333333333
3058,360580.0
3059,278416.6666666667
3060,497447.63333333336
3061,91583.33333333333
3062,221363.33333333334
3063,181593.33333333334
3064,182770.0
3065,114973.33333333333
3066,206676.66666666666
3067,163160.0
3068,93276.66666666667
3069,151606.66666666666
3070,380720.2
3071,422223.6
3072,154203.33333333334
3073,338430.0333333333
3074,358506.7
3075,240040.0
3076,223683.36666666667
3077,136393.33333333334
3078,136690.0
3079,94473.33333333333
3080,93296.66666666667
3081,219296.66666666666
3082,308263.3333333333
3083,241960.0
3084,221310.06666666668
3085,221083.33333333334
3086,295363.3333333333
3087,176733.33333333334
3088,219923.33333333334
3089,145186.66666666666
3090,64210.0
3091,186553.33333333334
3092,172866.66666666666
3093,180556.66666666666
3094,200413.33333333334
3095,186743.33333333334
3096,182813.33333333334
3097,393510.1
3098,222156.66666666666
3099,306446.76666666666
3100,139976.66666666666
3101,163100.0
3102,321913.3333333333
3103,222810.0
3104,295240.0
3105,144866.66666666666
3106,153230.0
3107,125440.0
3108,218993.36666666667
3109,171150.0
3110,88400.0
3111,324596.7
3112,190740.0
3113,101923.33333333333
3114,267856.6666666667
3115,460600.63333333336
3116,269363.3333333333
3117,106716.66666666667
3118,233276.66666666666
3119,315816.76666666666
3120,443823.8333333333
3121,70653.33333333333
3122,350313.3333333333
3123,102100.0
3124,253693.33333333334
3125,212843.33333333334
3126,75323.33333333333
3127,167900.0
3128,163560.0
3129,89970.0
3130,92960.0
3131,237993.36666666667
3132,201333.33333333334
3133,158360.0
3134,233933.33333333334
3135,235266.66666666666
3136,269416.73333333334
3137,137876.66666666666
3138,191523.33333333334
3139,90020.0
3140,66866.66666666667
3141,95026.66666666667
3142,175346.66666666666
3143,324563.4
3144,139236.66666666666
3145,446663.7
3146,172816.66666666666
3147,96276.66666666667
3148,138936.66666666666
3149,167680.0
3150,116600.0
3151,112633.33333333333
3152,90916.66666666667
3153,201993.33333333334
3154,101463.33333333333
3155,56800.0
3156,350410.0333333333
3157,404023.63333333336
3158,124523.33333333333
3159,186540.0
3160,275313.3333333333
3161,287720.06666666665
3162,206066.66666666666
3163,171200.0
3164,149880.0
3165,121663.33333333333
3166,110546.66666666667
3167,140173.33333333334
3168,198710.0
3169,118533.33333333333
3170,251300.0
3171,206946.66666666666
3172,173420.0
3173,226053.33333333334
3174,220873.33333333334
3175,268406.86666666664
3176,78550.0
3177,269250.0
3178,302843.36666666664
3179,233956.66666666666
3180,118763.33333333333
3181,235890.0
3182,123693.33333333333
3183,319306.73333333334
3184,68963.33333333333
3185,59253.23333333333
3186,344143.3333333333
3187,198443.33333333334
3188,163663.33333333334
3189,400990.2
3190,162206.66666666666
3191,118073.33333333333
3192,208226.66666666666
3193,314586.6666666667
3194,149390.0
3195,138836.66666666666
3196,298083.36666666664
3197,94693.33333333333
3198,113216.66666666667
3199,283633.4
3200,240203.33333333334
3201,70883.33333333333
3202,399413.76666666666
3203,196436.66666666666
3204,178413.33333333334
3205,260666.66666666666
3206,143640.0
3207,222883.33333333334
3208,147660.0
3209,220200.0
3210,104803.33333333333
3211,159750.0
3212,236160.0
3213,284956.7
3214,121706.66666666667
3215,110870.0
3216,457210.5
3217,317396.76666666666
3218,164603.33333333334
3219,120093.33333333333
3220,322086.76666666666
3221,350653.5
3222,226640.0
3223,201546.66666666666
3224,299546.8
3225,68870.0
3226,197543.33333333334
3227,195263.33333333334
3228,297030.1666666667
3229,207670.03333333333
3230,129303.33333333333
3231,222640.0
3232,198876.66666666666
3233,173783.33333333334
3234,226520.0
3235,200360.0
3236,180756.66666666666
3237,144546.66666666666
3238,212493.33333333334
3239,130099.93333333333
3240,281663.43333333335
3241,297693.4
3242,67770.0
3243,312153.4
3244,350943.4
3245,251753.36666666667
3246,131816.66666666666
3247,104673.33333333333
3248,127070.03333333334
3249,493827.5
3250,281310.0
3251,174773.33333333334
3252,123090.0
3253,157560.0
3254,156486.66666666666
3255,224170.0
3256,398236.76666666666
3257,133423.33333333334
3258,278740.0
3259,215693.33333333334
3260,437647.06666666665
3261,385080.13333333336
3262,76796.66666666667
3263,190310.0
3264,122106.66666666667
3265,126906.66666666667
3266,412476.86666666664
3267,222770.0
3268,191960.0
3269,126180.0
3270,116076.66666666667
3271,199300.0
3272,117016.66666666667
3273,118620.0
3274,166606.66666666666
3275,100836.66666666667
3276,350980.0333333333
3277,63943.333333333336
3278,178853.33333333334
3279,271286.6666666667
3280,180543.33333333334
3281,221813.36666666667
3282,72110.0
3283,173126.66666666666
3284,148213.33333333334
3285,140410.0
3286,343460.0333333333
3287,105223.33333333333
3288,444450.3
3289,170620.0
3290,96240.0
3291,179090.0
3292,215913.36666666667
3293,200720.0
3294,178656.66666666666
3295,102846.66666666667
3296,128160.0
3297,144726.66666666666
3298,230953.33333333334
3299,225936.66666666666
3300,189986.66666666666
3301,182583.33333333334
3302,208566.66666666666
3303,134366.66666666666
3304,338726.7
3305,111936.66666666667
3306,262770.0333333333
3307,111796.66666666667
3308,50973.333333333336
3309,175236.66666666666
3310,315413.3333333333
3311,145380.0
3312,203413.33333333334
3313,229143.36666666667
3314,59010.0
3315,121786.66666666667
3316,201253.33333333334
3317,190906.66666666666
3318,80866.66666666667
3319,287013.4666666667
3320,209436.7
3321,252626.66666666666
3322,117626.66666666667
3323,184416.66666666666
3324,233823.36666666667
3325,91893.33333333333
3326,87583.33333333333
3327,55833.333333333336
3328,328970.13333333336
3329,257016.73333333334
3330,104143.33333333333
3331,162510.0
3332,247606.66666666666
3333,179950.0
3334,168590.0
3335,181216.66666666666
3336,51826.666666666664
3337,140096.66666666666
3338,53030.0
3339,325313.43333333335
3340,365156.8
3341,144030.0
3342,149143.33333333334
3343,369206.9
3344,100973.33333333333
3345,95086.66666666667
3346,109816.66666666667
3347,195036.66666666666
3348,143616.66666666666
3349,440287.13333333336
3350,173300.0
3351,388846.86666666664
3352,195316.66666666666
3353,115940.0
3354,481820.76666666666
3355,284586.7
3356,360503.36666666664
3357,218526.66666666666
3358,60750.0
3359,109866.66666666667
3360,118306.66666666667
3361,136616.66666666666
3362,428743.63333333336
3363,208863.33333333334
3364,310520.0
3365,126396.66666666667
3366,208826.66666666666
3367,241700.0
3368,82880.0
3369,383436.86666666664
3370,160963.33333333334
3371,254003.36666666667
3372,154900.0
3373,245633.33333333334
3374,226650.03333333333
3375,239030.0
3376,119433.33333333333
3377,170393.33333333334
3378,159896.66666666666
3379,134406.66666666666
3380,193673.33333333334
3381,51996.666666666664
3382,116333.33333333333
3383,278086.7
3384,180770.0
3385,226256.66666666666
3386,333720.1
3387,428900.3333333333
3388,271423.43333333335
3389,229703.33333333334
3390,173466.66666666666
3391,225810.0
3392,115360.0
3393,209240.0
3394,192016.66666666666
3395,259160.0
3396,169466.66666666666
3397,152073.33333333334
3398,211583.36666666667
3399,229173.36666666667
3400,219643.33333333334
3401,254253.33333333334
3402,123736.66666666667
3403,66846.66666666667
3404,146003.33333333334
3405,198493.43333333332
3406,241573.33333333334
3407,376186.8
3408,105173.33333333333
3409,209680.0
3410,149820.0
3411,191036.66666666666
3412,204726.66666666666
3413,78723.33333333333
3414,135826.66666666666
3415,343010.1666666667
3416,286163.3333333333
3417,85930.0
3418,169436.66666666666
3419,300783.36666666664
3420,65776.66666666667
3421,210180.03333333333
3422,73293.33333333333
3423,67790.0
3424,192880.0
3425,122816.66666666667
3426,195463.33333333334
3427,346296.8
3428,359143.4
3429,121800.0
3430,154403.33333333334
3431,340023.36666666664
3432,496134.26666666666
3433,290436.6666666667
3434,451057.23333333334
3435,95226.66666666667
3436,177233.33333333334
3437,228166.66666666666
3438,124006.66666666667
3439,64340.0
3440,150566.66666666666
3441,286340.1
3442,101816.66666666667
3443,381413.63333333336
3444,231083.33333333334
3445,258593.33333333334
3446,132740.0
3447,160083.33333333334
3448,500001.0
3449,429570.26666666666
3450,136636.66666666666
3451,321036.73333333334
3452,91366.66666666667
3453,173116.66666666666
3454,207056.66666666666
3455,491440.93333333335
3456,112906.66666666667
3457,104466.66666666667
3458,143103.33333333334
3459,308446.7
3460,99516.66666666667
3461,59090.0
3462,218436.66666666666
3463,201030.0
3464,378936.7
3465,143053.33333333334
3466,299936.6666666667
3467,93370.0
3468,219733.36666666667
3469,142176.66666666666
3470,120400.0
3471,74250.0
3472,199713.33333333334
3473,190963.33333333334
3474,280130.0333333333
3475,462040.5
3476,213576.66666666666
3477,241133.33333333334
3478,290533.43333333335
3479,113890.0
3480,177423.33333333334
3481,168146.66666666666
3482,94816.66666666667
3483,202916.66666666666
3484,126873.33333333333
3485,154293.33333333334
3486,75486.66666666667
3487,167940.0
3488,131256.66666666666
3489,200443.33333333334
3490,457603.93333333335
3491,268870.0
3492,258806.73333333334
3493,232666.66666666666
3494,119790.0
3495,161810.0
3496,91676.66666666667
3497,152553.33333333334
3498,143986.66666666666
3499,104803.33333333333
3500,276693.3333333333
3501,181470.0
3502,224726.66666666666
3503,160660.0
3504,132790.0
3505,56993.333333333336
3506,107589.96666666666
3507,86456.66666666667
3508,56923.333333333336
3509,212506.66666666666
3510,145830.0
3511,93276.66666666667
3512,343170.06666666665
3513,187313.33333333334
3514,411030.36666666664
3515,129523.33333333333
3516,149163.33333333334
3517,124820.0
3518,102573.33333333333
3519,153863.33333333334
3520,330130.0333333333
3521,161306.66666666666
3522,422386.9666666667
3523,177973.33333333334
3524,191103.33333333334
3525,189463.33333333334
3526,357480.13333333336
3527,162506.66666666666
3528,182026.66666666666
3529,95370.0
3530,146256.66666666666
3531,117886.66666666667
3532,464960.6666666667
3533,143770.0
3534,106280.0
3535,127396.66666666667
3536,186763.33333333334
3537,184293.33333333334
3538,255560.0
3539,238933.36666666667
3540,142296.66666666666
3541,180286.66666666666
3542,105256.66666666667
3543,380960.23333333334
3544,102753.33333333333
3545,367310.13333333336
3546,270763.36666666664
3547,126626.66666666667
3548,236153.33333333334
3549,148990.0
3550,276850.0
3551,295496.7
3552,188303.33333333334
3553,148163.33333333334
3554,109516.66666666667
3555,208316.66666666666
3556,85186.4
3557,117770.0
3558,70603.33333333333
3559,258846.66666666666
3560,486094.13333333336
3561,221613.33333333334
3562,414560.26666666666
3563,379930.0333333333
3564,380296.6666666667
3565,352466.6666666667
3566,116810.0
3567,229533.33333333334
3568,135856.66666666666
3569,291990.0333333333
3570,168936.66666666666
3571,460620.5333333333
3572,324390.0
3573,351106.76666666666
3574,243396.66666666666
3575,78743.33333333333
3576,303173.3333333333
3577,166846.66666666666
3578,176296.66666666666
3579,140890.0
3580,252173.33333333334
3581,144363.33333333334
3582,262823.3333333333
3583,488107.5
3584,123283.33333333333
3585,106036.66666666667
3586,269463.3333333333
3587,173960.0
3588,166310.0
3589,173623.33333333334
3590,125146.66666666667
3591,124556.66666666667
3592,263773.3333333333
3593,123783.33333333333
3594,393273.43333333335
3595,156650.0
3596,118120.0
3597,222543.33333333334
3598,206766.66666666666
3599,174803.33333333334
3600,300870.06666666665
3601,204086.66666666666
3602,477820.73333333334
3603,94333.33333333333
3604,273013.4
3605,127300.0
3606,149226.66666666666
3607,232776.7
3608,232906.66666666666
3609,74333.33333333333
3610,214580.0
3611,177410.06666666668
3612,221113.4
3613,490907.5333333333
3614,208460.0
3615,181410.0
3616,381313.4
3617,324133.3333333333
3618,215866.66666666666
3619,169340.0
3620,276473.4
3621,193346.66666666666
3622,253793.36666666667
3623,216743.33333333334
3624,356223.3333333333
3625,451097.1
3626,238173.33333333334
3627,97550.0
3628,271623.3333333333
3629,86150.0
3630,154240.0
3631,142513.33333333334
3632,82136.66666666667
3633,141910.0
3634,171436.66666666666
3635,301840.0333333333
3636,97070.0
3637,144833.33333333334
3638,114703.33333333333
3639,500001.0
3640,112896.66666666667
3641,158126.66666666666
3642,135103.33333333334
3643,243310.03333333333
3644,91896.66666666667
3645,349283.36666666664
3646,272183.4
3647,199683.33333333334
3648,233466.66666666666
3649,237943.33333333334
3650,376850.13333333336
3651,100173.33333333333
3652,356603.4
3653,170926.66666666666
3654,101916.66666666667
3655,265330.0
3656,246440.0
3657,340370.13333333336
3658,360180.2
3659,273046.8333333333
3660,164573.33333333334
3661,209253.33333333334
3662,156820.0
3663,462227.2
3664,470147.3
3665,243780.03333333333
3666,222516.66666666666
3667,210920.0
3668,74263.33333333333
3669,106656.66666666667
3670,187226.66666666666
3671,462140.63333333336
3672,161123.33333333334
3673,220776.66666666666
3674,279226.7
3675,166036.66666666666
3676,133320.0
3677,181613.33333333334
3678,254240.0
3679,227320.0
3680,157993.33333333334
3681,155656.66666666666
3682,55450.0
3683,251833.33333333334
3684,59796.666666666664
3685,95486.66666666667
3686,197486.66666666666
3687,91200.0
3688,227233.33333333334
3689,139606.66666666666
3690,223986.66666666666
3691,209170.0
3692,378273.36666666664
3693,206630.0
3694,96433.33333333333
3695,467977.3333333333
3696,70150.0
3697,149093.33333333334
3698,65323.333333333336
3699,150466.66666666666
3700,330520.06666666665
3701,233236.66666666666
3702,232453.33333333334
3703,96163.33333333333
3704,224350.0
3705,207556.7
3706,224210.0
3707,104476.66666666667
3708,161703.33333333334
3709,80906.66666666667
3710,227546.66666666666
3711,266180.13333333336
3712,225060.0
3713,169173.33333333334
3714,374490.3
3715,193150.0
3716,95416.66666666667
3717,241110.03333333333
3718,108766.66666666667
3719,176263.33333333334
3720,267733.3333333333
3721,249866.66666666666
3722,153730.0
3723,55453.333333333336
3724,68473.33333333333
3725,124313.33333333333
3726,120946.66666666667
3727,195413.33333333334
3728,65106.666666666664
3729,347010.06666666665
3730,412487.1
3731,73403.33333333333
3732,495340.93333333335
3733,353473.43333333335
3734,129880.0
3735,260110.0
3736,149223.33333333334
3737,136363.33333333334
3738,283686.6666666667
3739,199300.0
3740,226743.33333333334
3741,95930.0
3742,320710.0333333333
3743,168676.66666666666
3744,252173.33333333334
3745,198876.66666666666
3746,154850.0
3747,256553.33333333334
3748,103030.0
3749,157460.0
3750,208406.66666666666
3751,83583.33333333333
3752,335796.7
3753,96450.0
3754,137750.0
3755,100956.66666666667
3756,194186.66666666666
3757,161583.33333333334
3758,372823.36666666664
3759,203980.0
3760,205700.26666666666
3761,183143.33333333334
3762,194050.0
3763,316506.6666666667
3764,480487.5
3765,264113.3333333333
3766,282106.6666666667
3767,99160.0
3768,97330.0
3769,221516.66666666666
3770,64630.0
3771,239943.36666666667
3772,312673.4666666667
3773,167983.33333333334
3774,163253.33333333334
3775,348866.7
3776,161403.33333333334
3777,78796.66666666667
3778,150730.0
3779,402750.2
3780,132780.0
3781,180260.0
3782,233363.33333333334
3783,363133.36666666664
3784,125010.0
3785,142053.33333333334
3786,104383.33333333333
3787,181043.33333333334
3788,466920.6
3789,52196.666666666664
3790,131990.0
3791,356653.43333333335
3792,176866.66666666666
3793,91843.33333333333
3794,452147.2
3795,223186.66666666666
3796,210330.0
3797,220433.36666666667
3798,247410.0
3799,144680.03333333333
3800,253443.33333333334
3801,221980.0
3802,192600.0
3803,218283.33333333334
3804,227780.0
3805,112693.33333333333
3806,91376.66666666667
3807,141793.33333333334
3808,102276.66666666667
3809,159486.66666666666
3810,184626.66666666666
3811,325960.06666666665
3812,405783.4
3813,162940.0
3814,204416.66666666666
3815,88206.66666666667
3816,171230.0
3817,97563.33333333333
3818,176386.66666666666
3819,173910.0
3820,413587.0
3821,130440.0
3822,150883.33333333334
3823,302123.3333333333
3824,149820.0
3825,78080.0
3826,302446.7
3827,148453.33333333334
3828,236310.0
3829,411943.4666666667
3830,77416.66666666667
3831,175690.0
3832,417333.4666666667
3833,71350.0
3834,415456.9666666667
3835,136730.03333333333
3836,87650.0
3837,223900.1
3838,105710.0
3839,64813.333333333336
3840,306256.73333333334
3841,358446.6666666667
3842,203933.33333333334
3843,126776.66666666667
3844,73063.33333333333
3845,80743.33333333333
3846,206893.33333333334
3847,116726.66666666667
3848,105903.33333333333
3849,196660.0
3850,182586.66666666666
3851,107353.33333333333
3852,151916.66666666666
3853,98030.0
3854,79980.0
3855,189363.33333333334
3856,246280.03333333333
3857,390143.6
3858,291493.3333333333
3859,328540.1666666667
3860,375530.1
3861,339270.06666666665
3862,316136.73333333334
3863,72283.33333333333
3864,124490.0
3865,389436.76666666666
3866,227870.0
3867,129956.66666666667
3868,123456.66666666667
3869,170063.33333333334
3870,139290.0
3871,293500.0
3872,377686.76666666666
3873,157446.66666666666
3874,60593.333333333336
3875,287470.0
3876,206833.33333333334
3877,160416.66666666666
3878,249810.0
3879,89490.0
3880,143353.33333333334
3881,195603.33333333334
3882,75703.33333333333
3883,117180.0
3884,199266.66666666666
3885,197950.0
3886,65156.666666666664
3887,96396.66666666667
3888,146686.66666666666
3889,206190.0
3890,198613.33333333334
3891,129713.33333333333
3892,144080.0
3893,164640.0
3894,89220.0
3895,122186.66666666667
3896,167146.7
3897,207553.33333333334
3898,194010.0
3899,60400.0
3900,366263.4
3901,65480.0
3902,400310.23333333334
3903,314486.7
3904,376336.8333333333
3905,309946.7
3906,102996.66666666667
3907,107443.33333333333
3908,113223.33333333333
3909,384116.7
3910,285220.0
3911,500001.0
3912,174070.0
3913,80696.66666666667
3914,172530.0
3915,210373.36666666667
3916,139586.66666666666
3917,237170.0
3918,121126.66666666667
3919,116510.0
3920,306586.73333333334
3921,301493.4
3922,210776.66666666666
3923,391363.6666666667
3924,290546.6666666667
3925,151723.33333333334
3926,285486.7
3927,256210.0
3928,215766.66666666666
3929,222330.0
3930,327793.36666666664
3931,240586.66666666666
3932,73346.66666666667
3933,438267.1
3934,312843.3333333333
3935,126180.0
3936,404660.06666666665
3937,207750.0
3938,163746.66666666666
3939,171183.33333333334
3940,154260.0
3941,233353.33333333334
3942,171656.66666666666
3943,315800.0
3944,216946.66666666666
3945,123673.33333333333
3946,111516.66666666667
3947,378056.76666666666
3948,81440.0
3949,189326.66666666666
3950,136200.0
3951,86740.0
3952,308540.0
3953,74606.66666666667
3954,134520.0
3955,174123.33333333334
3956,145580.0
3957,87753.33333333333
3958,225210.03333333333
3959,283753.36666666664
3960,328220.1
3961,341113.3333333333
3962,362960.0333333333
3963,183966.66666666666
3964,182556.66666666666
3965,177093.4
3966,101846.66666666667
3967,97750.0
3968,140210.0
3969,150663.33333333334
3970,142230.0
3971,108300.0
3972,197630.0
3973,223836.66666666666
3974,178200.0
3975,220660.0
3976,93706.66666666667
3977,190470.0
3978,195810.0
3979,80730.0
3980,500001.0
3981,88396.66666666667
3982,395500.13333333336
3983,189986.7
3984,84723.33333333333
3985,244560.06666666668
3986,62133.333333333336
3987,378383.43333333335
3988,205033.33333333334
3989,290756.7
3990,198550.0
3991,220116.66666666666
3992,280700.0
3993,106726.66666666667
3994,195736.66666666666
3995,231356.66666666666
3996,185566.66666666666
3997,56373.333333333336
3998,197170.03333333333
3999,124240.0
4000,152226.66666666666
4001,76193.33333333333
4002,248036.7
4003,80493.33333333333
4004,210646.66666666666
4005,251803.33333333334
4006,483610.76666666666
4007,177793.33333333334
4008,493477.6
4009,242386.7
4010,228333.36666666667
4011,142980.0
4012,293496.7
4013,157216.66666666666
4014,111403.33333333333
4015,186130.0
4016,286243.36666666664
4017,214013.33333333334
4018,264320.0333333333
4019,58520.0
4020,88633.33333333333
4021,164686.66666666666
4022,149926.66666666666
4023,431177.0333333333
4024,257670.0
4025,103686.66666666667
4026,260420.0
4027,182726.66666666666
4028,259656.66666666666
4029,236493.33333333334
4030,233090.03333333333
4031,251803.33333333334
4032,163513.33333333334
4033,114836.7
4034,358696.73333333334
4035,309363.4
4036,124150.0
4037,181256.66666666666
4038,60796.666666666664
4039,376176.8333333333
4040,65470.0
4041,303646.76666666666
4042,258326.66666666666
4043,179253.33333333334
4044,217973.33333333334
4045,384997.0333333333
4046,194356.66666666666
4047,77040.0
4048,500001.0
4049,156616.66666666666
4050,138016.66666666666
4051,158200.0
4052,120626.66666666667
4053,386860.1666666667
4054,408300.23333333334
4055,250366.7
4056,192683.33333333334
4057,237400.0
4058,111156.66666666667
4059,468083.9
4060,207830.03333333333
4061,210306.66666666666
4062,264126.6666666667
4063,85806.66666666667
4064,329160.06666666665
4065,83783.33333333333
4066,355623.4
4067,105230.0
4068,161953.33333333334
4069,175936.66666666666
4070,174536.66666666666
4071,258136.66666666666
4072,219976.66666666666
4073,210183.33333333334
4074,485570.63333333336
4075,226173.33333333334
4076,242580.0
4077,489884.2
4078,208506.66666666666
4079,146583.33333333334
4080,339516.6666666667
4081,425327.06666666665
4082,141806.66666666666
4083,231846.66666666666
4084,156503.33333333334
4085,227050.0
4086,150420.0
4087,152910.0
4088,500001.0
4089,121720.0
4090,85730.0
4091,400400.1666666667
4092,175876.66666666666
4093,131353.33333333334
4094,65313.333333333336
4095,121226.66666666667
4096,123889.96666666666
4097,326006.9
4098,151120.0
4099,356006.8
4100,256340.06666666668
4101,416303.36666666664
4102,229096.66666666666
4103,106506.66666666667
4104,480650.63333333336
4105,344326.8
4106,168563.33333333334
4107,69736.66666666667
4108,93116.66666666667
4109,145063.36666666667
4110,174700.0
4111,406236.9
4112,422860.4
4113,149566.7
4114,108046.66666666667
4115,256170.1
4116,93500.0
4117,246853.46666666667
4118,97183.33333333333
4119,229383.33333333334
4120,272180.0
4121,335770.06666666665
4122,66860.0
4123,159740.0
4124,429543.8
4125,94236.66666666667
4126,342776.76666666666
4127,151086.66666666666
